Rank,District,Name,FTE Students
85,14005,Aberdeen,"3,035"
185,21226,Adna,573
273,22017,Almira,87
98,29103,Anacortes,"2,438"
56,31016,Arlington,"5,154"
178,2420,Asotin-Anatone,603
19,17408,Auburn,"16,076"
74,18303,Bainbridge Island,"3,472"
27,6119,Battle Ground,"11,353"
14,17405,Bellevue,"19,167"
28,37501,Bellingham,"10,877"
311,1122,Benge,16
12,27403,Bethel,"19,371"
267,20203,Bickleton,108
108,37503,Blaine,"2,072"
274,21234,Boistfort,85
61,18100,Bremerton,"4,498"
150,24111,Brewster,916
162,9075,Bridgeport,745
280,16046,Brinnon,76
80,29100,Burlington-Edison,"3,236"
44,6117,Camas,"6,809"
196,5401,Cape Flattery,499
243,27019,Carbonado,188
139,4228,Cascade,"1,163"
122,4222,Cashmere,"1,528"
130,8401,Castle Rock,"1,328"
272,20215,Centerville,87
29,18401,Central Kitsap,"10,570"
24,32356,Central Valley,"13,433"
78,21401,Centralia,"3,256"
90,21302,Chehalis,"2,821"
59,32360,Cheney,"4,828"
169,33036,Chewelah,680
168,16049,Chimacum,692
99,2250,Clarkston,"2,446"
156,19404,Cle Elum-Roslyn,831
26,27400,Clover Park,"11,705"
194,38300,Colfax,521
121,36250,College Place,"1,532"
255,38306,Colton,153
268,33206,Columbia (Stevens),105
170,36400,Columbia (Walla Walla),679
120,33115,Colville,"1,546"
197,29011,Concrete,490
200,29317,Conway,448
250,14099,Cosmopolis,163
240,13151,Coulee-Hartline,199
148,15204,Coupeville,966
213,5313,Crescent,316
277,22073,Creston,84
221,10050,Curlew,284
222,26059,Cusick,273
299,19007,Damman,42
205,31330,Darrington,384
190,22207,Davenport,523
206,7002,Dayton,385
102,32414,Deer Park,"2,382"
128,27343,Dieringer,"1,347"
309,36101,Dixie,28
73,32361,East Valley (Spokane),"3,495"
84,39090,East Valley (Yakima),"3,097"
51,9206,Eastmont,"5,737"
275,19028,Easton,85
113,27404,Eatonville,"1,761"
11,31015,Edmonds,"19,714"
86,19401,Ellensburg,"3,000"
124,14068,Elma,"1,453"
278,38308,Endicott,80
218,4127,Entiat,292
69,17216,Enumclaw,"3,897"
94,13165,Ephrata,"2,492"
292,21036,Evaline,51
13,31002,Everett,"19,280"
6,6114,Evergreen (Clark),"23,251"
307,33205,Evergreen (Stevens),31
10,17210,Federal Way,"20,242"
66,37502,Ferndale,"4,149"
71,27417,Fife,"3,650"
151,3053,Finley,864
42,27402,Franklin Pierce,"7,262"
158,32358,Freeman,814
269,38302,Garfield,102
288,20401,Glenwood,61
104,20404,Goldendale,"2,182"
167,13301,Grand Coulee Dam,696
75,39200,Grandview,"3,476"
126,39204,Granger,"1,413"
109,31332,Granite Falls,"2,050"
238,23054,Grapeview,195
305,32312,Great Northern,36
254,6103,Green Mountain,155
180,34324,Griffin,598
266,22204,Harrington,119
145,39203,Highland,"1,044"
17,17401,Highline,"17,775"
115,6098,Hockinson,"1,735"
217,23404,Hood Canal,293
119,14028,Hoquiam,"1,551"
233,10070,Inchelium,213
310,31063,Index,24
15,17411,Issaquah,"19,034"
301,11056,Kahlotus,39
147,8402,Kalama,983
304,10003,Keller,36
60,8458,Kelso,"4,644"
16,3017,Kennewick,"17,821"
5,17415,Kent,"24,356"
142,33212,Kettle Falls,"1,035"
129,3052,Kiona-Benton City,"1,326"
181,19403,Kittitas,579
282,20402,Klickitat,72
123,6101,La Center,"1,518"
182,29311,La Conner,581
276,38126,Lacrosse,84
134,4129,Lake Chelan,"1,249"
244,14097,Lake Quinault,178
37,31004,Lake Stevens,"8,635"
2,17414,Lake Washington,"29,859"
101,31306,Lakewood,"2,403"
298,38264,Lamont,41
191,32362,Liberty,521
242,1158,Lind,196
49,8122,Longview,"5,994"
225,33183,Loon Lake,259
230,28144,Lopez,229
241,20406,Lyle,200
83,37504,Lynden,"3,148"
155,39120,Mabton,828
270,9207,Mansfield,87
177,4019,Manson,611
106,23311,Mary M Knight,"2,065"
203,33207,Mary Walker,409
31,31025,Marysville,"9,641"
220,14065,McCleary,287
30,32354,Mead,"9,764"
116,32326,Medical Lake,"1,696"
68,17400,Mercer Island,"4,019"
114,37505,Meridian,"1,746"
172,24350,Methow Valley,670
296,30031,Mill A,41
50,31103,Monroe,"5,765"
131,14066,Montesano,"1,308"
214,21214,Morton,309
41,13161,Moses Lake,"7,832"
189,21206,Mossyrock,544
154,39209,Mount Adams,852
118,37507,Mount Baker,"1,640"
283,30029,Mount Pleasant,66
47,29320,Mount Vernon,"6,380"
21,31006,Mukilteo,"14,850"
137,39003,Naches Valley,"1,189"
163,21014,Napavine,741
216,25155,Naselle-Grays River Valley,303
260,24014,Nespelem,132
149,26056,Newport,930
133,32325,Nine Mile Falls,"1,263"
112,37506,Nooksack Valley,"1,816"
165,14064,North Beach,723
110,11051,North Franklin,"1,994"
57,18400,North Kitsap,"5,096"
105,23403,North Mason,"2,132"
284,25200,North River,68
23,34003,North Thurston,"14,075"
226,33211,Northport,261
7,17417,Northshore,"22,168"
52,15201,Oak Harbor,"5,423"
257,38324,Oakesdale,141
223,14400,Oakville,279
146,25101,Ocean Beach,994
183,14172,Ocosta,575
236,22105,Odessa,203
143,24105,Okanogan,"1,050"
33,34111,Olympia,"9,260"
40,24019,Omak,"7,624"
159,21300,Onalaska,796
297,33030,Onion Creek,43
161,28137,Orcas Island,756
279,32123,Orchard Prairie,78
293,10065,Orient,44
252,9013,Orondo,155
195,24410,Oroville,505
95,27344,Orting,"2,471"
63,1147,Othello,"4,444"
308,9102,Palisades,29
253,38301,Palouse,157
18,11001,Pasco,"17,663"
219,24122,Pateros,288
259,3050,Paterson,138
227,21301,Pe Ell,247
39,27401,Peninsula,"7,970"
174,23402,Pioneer,646
215,12110,Pomeroy,305
76,5121,Port Angeles,"3,277"
141,16050,Port Townsend,"1,066"
228,36402,Prescott,245
96,3116,Prosser,"2,450"
93,38267,Pullman,"2,512"
8,27003,Puyallup,"21,330"
303,16020,Queets-Clearwater,41
175,16048,Quilcene,637
79,5402,Quillayute Valley,"3,338"
87,13144,Quincy,"2,978"
152,34307,Rainier,857
193,25116,Raymond,515
173,22009,Reardan-Edwall,666
22,17403,Renton,"14,504"
207,10309,Republic,364
25,3400,Richland,"12,884"
81,6122,Ridgefield,"3,217"
211,1160,Ritzville,321
127,32416,Riverside,"1,364"
88,17407,Riverview,"2,928"
107,34401,Rochester,"2,051"
302,20403,Roosevelt,37
248,38320,Rosalia,167
117,13160,Royal,"1,683"
164,28149,San Juan Island,745
291,14104,Satsop,50
1,17001,Seattle,"51,308"
67,29101,Sedro-Woolley,"4,086"
72,39119,Selah,"3,531"
231,26070,Selkirk,226
97,5323,Sequim,"2,437"
314,28010,Shaw Island,8
65,23309,Shelton,"4,210"
35,17412,Shoreline,"9,058"
287,30002,Skamania,63
294,17404,Skykomish,44
36,31201,Snohomish,"8,938"
45,17410,Snoqualmie Valley,"6,584"
192,13156,Soap Lake,523
186,25118,South Bend,563
32,18402,South Kitsap,"9,613"
138,15206,South Whidbey,"1,167"
235,23042,Southside,202
3,32081,Spokane,"27,833"
281,22008,Sprague,74
264,38322,St. John,129
64,31401,Stanwood-Camano,"4,419"
312,11054,Star,15
300,7035,Starbuck,52
313,4069,Stehekin,8
89,27001,Steilacoom Hist.,"2,910"
295,38304,Steptoe,44
157,30303,Stevenson-Carson,814
111,31311,Sultan,"1,844"
285,33202,Summit Valley,64
34,27320,Sumner,"9,285"
46,39201,Sunnyside,"6,521"
4,27010,Tacoma,"26,693"
246,14077,Taholah,167
38,17409,Tahoma,"8,205"
247,38265,Tekoa,169
135,34402,Tenino,"1,233"
234,19400,Thorp,208
160,21237,Toledo,766
144,24404,Tonasket,"1,057"
62,39202,Toppenish,"4,479"
237,36300,Touchet,202
176,8130,Toutle Lake,629
245,20400,Trout Lake,182
92,17406,Tukwila,"2,596"
48,34033,Tumwater,"6,182"
187,39002,Union Gap,575
54,27083,University Place,"5,357"
132,33070,Valley,"1,235"
9,6037,Vancouver,"21,008"
125,17402,Vashon Island,"1,421"
198,35200,Wahkiakum,467
100,13073,Wahluke,"2,394"
229,36401,Waitsburg,239
53,36140,Walla Walla,"5,393"
82,39207,Wapato,"3,134"
153,13146,Warden,844
91,6112,Washougal,"2,789"
289,1109,Washtucna,61
224,9209,Waterville,259
201,33049,Wellpinit,429
43,4246,Wenatchee,"7,034"
77,32363,West Valley (Spokane),"3,266"
58,39208,West Valley (Yakima),"5,006"
210,21303,White Pass,328
70,27416,White River,"3,795"
140,20405,White Salmon Valley,"1,100"
232,22200,Wilbur,218
212,25160,Willapa Valley,320
261,13167,Wilson Creek,131
171,21232,Winlock,681
256,14117,Wishkah Valley,142
286,20094,Wishram,64
103,8404,Woodland,"2,294"
20,39007,Yakima,"15,533"
55,34002,Yelm,"5,230"
136,39205,Zillah,"1,204"